Building_ID,Building_Type,Date,Hour,Occupancy,Temperature,Humidity,Lighting_Usage,AC_Usage,Computer_Usage,Water_Consumption,Electricity_Consumption,Waste_Generated
CAMPUS_001,Hostel,2026-02-01,15,48,32.8,78.4,53.0,50.4,24.0,144.3,718.3,10.2
CAMPUS_002,Classroom_Block,2026-02-02,10,65,37.8,63.5,61.1,59.2,42.1,201.2,726.3,13.0
CAMPUS_003,Laboratory,2026-02-03,11,60,35.5,35.0,46.3,64.4,47.7,206.4,695.9,11.9
CAMPUS_004,Hostel,2026-02-04,6,16,37.5,78.3,14.4,53.9,18.3,78.0,495.9,6.7
CAMPUS_005,Library,2026-02-05,12,86,35.0,59.7,80.2,69.1,48.9,282.4,945.3,15.1
CAMPUS_006,Hostel,2026-02-06,12,56,37.3,47.9,49.8,73.3,37.5,191.4,807.3,15.0
CAMPUS_007,Hostel,2026-02-07,15,46,27.0,47.6,29.9,37.7,19.6,154.4,556.3,9.9
CAMPUS_008,Classroom_Block,2026-02-08,16,76,29.9,54.1,67.0,66.8,51.3,198.0,879.3,14.6
CAMPUS_009,Classroom_Block,2026-02-09,6,78,30.7,26.6,53.2,63.3,62.9,224.6,805.0,15.1
CAMPUS_010,Library,2026-02-10,9,85,27.2,47.6,73.3,39.8,52.6,256.2,746.7,12.5
CAMPUS_011,Administrative,2026-02-11,12,35,30.2,54.1,31.3,47.7,29.9,108.9,500.6,5.8
CAMPUS_012,Administrative,2026-02-12,17,64,29.7,81.7,67.4,54.7,41.5,208.6,751.1,13.9
CAMPUS_013,Classroom_Block,2026-02-13,8,3,28.4,65.2,6.7,33.0,6.9,51.0,312.2,4.0
CAMPUS_014,Classroom_Block,2026-02-14,20,46,30.3,33.3,54.5,41.4,29.0,144.5,638.1,7.4
CAMPUS_015,Hostel,2026-02-15,7,79,26.2,56.7,57.3,48.5,48.3,251.6,821.0,14.8
CAMPUS_016,Hostel,2026-02-16,11,0,39.8,46.0,8.2,59.9,8.0,5.0,470.1,4.0
CAMPUS_017,Library,2026-02-17,13,73,37.0,43.3,52.1,83.7,43.1,223.1,831.3,11.9
CAMPUS_018,Hostel,2026-02-18,8,85,24.2,52.4,66.4,55.3,47.6,239.5,841.1,15.8
CAMPUS_019,Administrative,2026-02-19,7,33,31.1,42.2,16.9,39.6,15.4,131.2,378.4,8.8
CAMPUS_020,Laboratory,2026-02-20,20,15,31.5,93.6,21.1,41.6,12.2,46.6,488.2,5.7
CAMPUS_021,Library,2026-02-21,11,9,33.2,92.4,6.3,40.2,8.5,87.8,390.9,6.0
CAMPUS_022,Administrative,2026-02-22,8,30,30.7,75.9,19.0,43.3,23.0,102.3,488.3,6.1
CAMPUS_023,Laboratory,2026-02-23,20,80,33.0,68.2,56.6,73.5,53.1,264.0,917.1,14.9
CAMPUS_024,Administrative,2026-02-24,7,59,31.9,73.4,50.6,50.2,27.9,168.8,661.4,11.8
CAMPUS_025,Library,2026-02-25,14,36,27.3,27.2,41.8,33.9,16.8,162.5,448.7,10.2
CAMPUS_026,Library,2026-02-26,17,83,24.0,64.0,73.4,31.8,61.2,227.9,842.3,10.3
CAMPUS_027,Classroom_Block,2026-02-27,6,32,27.5,42.4,24.0,24.7,24.9,91.7,424.4,8.1
CAMPUS_028,Hostel,2026-02-28,6,41,28.4,64.6,23.1,53.4,19.0,135.1,574.0,8.8
CAMPUS_029,Library,2026-03-01,18,50,32.0,57.3,36.8,39.9,27.9,176.8,535.7,10.6
CAMPUS_030,Library,2026-03-02,21,51,30.5,25.0,50.3,52.0,33.4,179.0,589.2,10.4
CAMPUS_031,Laboratory,2026-03-03,14,74,24.1,68.5,53.1,31.7,46.4,255.8,694.5,15.1
CAMPUS_032,Hostel,2026-03-04,8,59,28.3,53.3,50.3,33.4,41.1,212.4,586.9,12.6
CAMPUS_033,Classroom_Block,2026-03-05,14,80,31.0,49.2,68.8,56.5,53.5,259.0,892.4,17.1
CAMPUS_034,Library,2026-03-06,19,50,32.6,68.9,31.3,62.3,24.7,188.5,572.5,10.1
CAMPUS_035,Administrative,2026-03-07,20,38,35.4,60.3,44.3,48.8,20.0,127.7,592.5,13.8
CAMPUS_036,Laboratory,2026-03-08,6,56,29.1,69.9,47.3,55.4,48.7,185.7,771.1,9.1
CAMPUS_037,Laboratory,2026-03-09,12,66,23.3,41.5,70.2,22.1,51.0,226.5,692.3,8.5
CAMPUS_038,Hostel,2026-03-10,14,84,29.0,89.7,63.0,44.6,47.3,213.6,801.9,14.7
CAMPUS_039,Classroom_Block,2026-03-11,20,36,25.7,72.4,39.2,28.5,15.9,151.0,470.1,8.8
CAMPUS_040,Laboratory,2026-03-12,17,75,26.2,64.4,56.3,30.6,43.4,257.1,564.0,17.9
CAMPUS_041,Classroom_Block,2026-03-13,9,69,22.5,67.5,70.1,23.4,30.5,201.6,572.8,15.4
CAMPUS_042,Classroom_Block,2026-03-14,22,73,35.7,66.0,69.9,62.6,58.1,227.4,817.6,13.1
CAMPUS_043,Library,2026-03-15,10,29,30.1,54.7,42.7,42.5,13.1,118.9,528.8,6.2
CAMPUS_044,Hostel,2026-03-16,18,100,33.1,74.0,80.8,66.5,45.3,278.2,978.7,19.7
CAMPUS_045,Hostel,2026-03-17,18,66,26.6,87.7,61.1,44.7,30.8,214.3,679.6,15.5
CAMPUS_046,Administrative,2026-03-18,20,86,29.1,91.2,71.6,55.8,60.1,247.1,854.1,15.2
CAMPUS_047,Library,2026-03-19,14,49,26.3,38.5,40.4,49.6,35.0,199.9,595.8,10.5
CAMPUS_048,Classroom_Block,2026-03-20,7,46,33.0,32.7,41.2,58.2,19.7,140.9,668.8,10.5
CAMPUS_049,Library,2026-03-21,13,45,33.2,69.2,44.1,48.6,28.3,167.6,641.8,9.7
CAMPUS_050,Library,2026-03-22,17,68,23.1,64.8,49.8,36.1,32.1,182.0,617.0,13.5
CAMPUS_051,Laboratory,2026-03-23,13,94,25.7,28.5,67.5,46.0,56.9,258.3,796.2,11.8
CAMPUS_052,Hostel,2026-03-24,14,93,29.9,53.9,72.3,58.1,57.3,271.4,825.9,12.1
CAMPUS_053,Classroom_Block,2026-03-25,9,95,23.6,25.0,76.2,32.3,64.0,274.9,831.2,16.0
CAMPUS_054,Library,2026-03-26,15,75,26.8,63.1,55.0,45.4,46.7,207.0,808.6,15.8
CAMPUS_055,Laboratory,2026-03-27,17,66,23.8,43.6,71.2,37.9,52.2,197.6,683.3,12.3
CAMPUS_056,Classroom_Block,2026-03-28,7,32,29.9,66.7,28.1,42.7,25.6,110.6,519.6,11.5
CAMPUS_057,Administrative,2026-03-29,16,39,39.0,57.0,57.2,61.6,34.4,142.0,695.8,10.4
CAMPUS_058,Hostel,2026-03-30,8,86,31.9,45.8,72.2,57.1,53.8,251.8,810.4,14.2
CAMPUS_059,Hostel,2026-03-31,8,99,30.1,63.9,80.4,56.9,54.5,274.8,925.6,17.1
CAMPUS_060,Library,2026-04-01,14,51,31.0,56.4,50.6,46.8,37.3,134.4,630.4,4.2
CAMPUS_061,Administrative,2026-04-02,21,68,29.7,42.3,65.4,51.5,25.8,211.1,715.2,10.2
CAMPUS_062,Laboratory,2026-04-03,6,76,28.3,44.4,56.4,44.1,38.4,213.5,673.8,16.6
CAMPUS_063,Classroom_Block,2026-04-04,8,18,27.8,65.6,25.0,28.6,11.2,69.7,368.8,5.0
CAMPUS_064,Administrative,2026-04-05,14,34,31.6,69.3,42.0,41.6,21.0,95.3,480.8,8.6
CAMPUS_065,Administrative,2026-04-06,12,41,32.2,80.4,37.5,42.2,27.3,147.2,600.6,7.4
CAMPUS_066,Administrative,2026-04-07,10,90,31.8,66.7,71.7,53.1,64.2,274.6,834.9,15.5
CAMPUS_067,Administrative,2026-04-08,17,61,24.7,49.2,58.2,34.3,30.3,100.2,644.0,14.4
CAMPUS_068,Hostel,2026-04-09,20,56,33.5,61.8,40.7,59.8,42.4,182.3,789.8,10.4
CAMPUS_069,Hostel,2026-04-10,16,39,32.1,60.6,49.9,49.6,37.3,112.0,621.7,7.3
CAMPUS_070,Laboratory,2026-04-11,6,76,30.2,64.0,66.1,61.3,35.7,227.6,769.4,11.6
CAMPUS_071,Administrative,2026-04-12,19,76,35.5,37.6,55.8,81.5,51.4,205.4,941.6,13.3
CAMPUS_072,Administrative,2026-04-13,15,57,28.4,50.7,41.9,43.4,43.4,132.7,654.7,11.3
CAMPUS_073,Library,2026-04-14,16,75,33.8,53.0,70.7,71.2,47.0,215.4,899.0,16.9
CAMPUS_074,Classroom_Block,2026-04-15,20,65,28.7,64.1,61.7,44.2,39.5,191.9,625.1,13.0
CAMPUS_075,Classroom_Block,2026-04-16,15,43,29.1,85.1,44.5,31.1,25.2,137.0,539.2,10.5
CAMPUS_076,Hostel,2026-04-17,22,69,27.6,33.2,78.5,37.8,45.8,164.8,713.5,12.9
CAMPUS_077,Library,2026-04-18,16,64,29.1,78.5,57.2,48.6,48.9,207.9,734.7,8.9
CAMPUS_078,Laboratory,2026-04-19,22,55,36.4,57.1,50.0,49.1,31.6,160.2,640.4,12.6
CAMPUS_079,Classroom_Block,2026-04-20,7,78,24.7,39.2,66.4,28.9,36.0,238.0,619.3,12.5
CAMPUS_080,Hostel,2026-04-21,16,56,20.0,95.0,46.5,4.8,38.5,187.7,433.4,13.1
CAMPUS_081,Library,2026-04-22,11,72,31.0,67.8,46.5,62.1,36.6,186.3,780.7,6.8
CAMPUS_082,Classroom_Block,2026-04-23,19,43,30.5,57.2,32.5,40.8,23.6,143.7,425.0,8.5
CAMPUS_083,Hostel,2026-04-24,9,66,31.0,41.7,56.9,54.5,36.9,216.8,606.1,12.6
CAMPUS_084,Administrative,2026-04-25,8,47,29.5,39.7,32.7,35.5,26.0,125.4,485.5,11.6
CAMPUS_085,Administrative,2026-04-26,13,25,35.3,68.8,32.4,53.1,11.1,72.9,398.4,7.7
CAMPUS_086,Administrative,2026-04-27,18,38,26.9,74.2,39.2,26.7,27.9,138.1,455.8,6.1
CAMPUS_087,Administrative,2026-04-28,13,68,23.9,45.1,67.8,26.8,52.9,223.4,671.8,13.2
CAMPUS_088,Laboratory,2026-04-29,11,49,24.7,70.9,36.8,21.6,30.0,164.0,576.8,12.0
CAMPUS_089,Administrative,2026-04-30,10,100,39.6,58.0,74.9,81.3,54.3,291.6,901.4,18.3
CAMPUS_090,Administrative,2026-05-01,21,63,34.0,61.7,50.2,61.0,39.2,214.6,689.0,10.5
CAMPUS_091,Laboratory,2026-05-02,17,56,28.3,52.6,44.2,37.1,33.1,191.0,549.9,14.4
CAMPUS_092,Hostel,2026-05-03,7,91,23.3,46.4,60.6,34.6,60.4,261.7,774.9,14.6
CAMPUS_093,Classroom_Block,2026-05-04,9,49,26.0,65.9,49.9,26.9,44.8,149.2,578.7,10.7
CAMPUS_094,Administrative,2026-05-05,20,51,27.9,54.8,51.1,37.3,44.1,166.5,629.1,15.8
CAMPUS_095,Laboratory,2026-05-06,13,100,20.9,31.7,76.3,35.2,78.8,276.0,879.7,18.2
CAMPUS_096,Administrative,2026-05-07,11,57,37.1,78.1,48.6,61.2,38.6,173.6,718.9,6.9
CAMPUS_097,Classroom_Block,2026-05-08,9,75,30.6,47.6,65.0,65.4,53.7,227.2,932.1,12.2
CAMPUS_098,Administrative,2026-05-09,22,33,34.2,79.5,35.2,52.2,20.9,116.6,469.1,7.2
CAMPUS_099,Hostel,2026-05-10,21,66,20.0,95.0,40.4,16.7,46.3,226.3,504.4,12.3
CAMPUS_100,Laboratory,2026-05-11,22,61,26.0,73.1,66.7,37.5,42.7,183.9,664.4,11.7
CAMPUS_101,Laboratory,2026-05-12,15,74,25.0,43.3,45.1,43.6,35.5,235.4,708.1,10.1
CAMPUS_102,Classroom_Block,2026-05-13,7,63,30.2,62.9,67.9,53.0,30.3,195.5,680.7,11.5
CAMPUS_103,Library,2026-05-14,20,14,30.5,66.9,23.7,36.4,18.1,52.7,420.7,8.3
CAMPUS_104,Classroom_Block,2026-05-15,9,62,28.2,57.8,47.3,53.6,46.8,193.6,722.4,12.4
CAMPUS_105,Classroom_Block,2026-05-16,7,57,23.1,66.4,43.3,30.0,29.8,187.1,516.7,10.0
CAMPUS_106,Hostel,2026-05-17,11,38,30.5,55.1,46.5,56.2,33.4,157.2,693.8,9.5
CAMPUS_107,Administrative,2026-05-18,15,96,28.4,78.9,70.1,65.0,64.7,303.0,983.3,16.3
CAMPUS_108,Classroom_Block,2026-05-19,9,73,30.8,81.0,50.6,53.3,40.8,197.5,718.2,14.3
CAMPUS_109,Laboratory,2026-05-20,19,100,31.6,52.3,66.0,62.8,59.7,288.4,1025.3,16.9
CAMPUS_110,Administrative,2026-05-21,10,0,23.7,45.0,19.6,1.5,23.4,50.4,178.9,7.3
CAMPUS_111,Library,2026-05-22,6,61,24.2,42.3,56.6,27.5,33.1,156.9,567.5,10.3
CAMPUS_112,Classroom_Block,2026-05-23,19,48,24.7,70.0,46.1,45.5,33.6,190.5,727.8,9.9
CAMPUS_113,Laboratory,2026-05-24,19,55,30.7,59.5,53.3,44.0,33.6,146.8,551.6,13.6
CAMPUS_114,Administrative,2026-05-25,9,73,29.2,56.1,69.1,52.4,48.7,252.6,781.3,19.3
CAMPUS_115,Administrative,2026-05-26,22,87,28.6,80.6,61.3,47.8,59.2,207.9,784.6,14.5
CAMPUS_116,Classroom_Block,2026-05-27,22,45,34.6,61.5,52.8,54.2,26.0,112.6,587.3,11.8
CAMPUS_117,Classroom_Block,2026-05-28,12,38,29.9,72.9,45.2,37.1,28.3,153.0,544.2,8.7
CAMPUS_118,Administrative,2026-05-29,13,85,31.7,55.4,64.4,62.6,55.0,233.9,904.7,17.4
CAMPUS_119,Hostel,2026-05-30,22,82,23.7,70.1,75.9,42.0,56.5,244.0,774.8,14.7
CAMPUS_120,Classroom_Block,2026-05-31,20,71,28.6,50.8,65.3,52.2,35.3,199.6,623.3,13.0
CAMPUS_121,Hostel,2026-06-01,22,25,31.5,90.2,32.7,37.1,22.2,106.0,445.9,5.9
CAMPUS_122,Classroom_Block,2026-06-02,22,65,24.3,62.4,54.9,37.4,32.6,179.1,634.8,15.5
CAMPUS_123,Administrative,2026-06-03,6,6,33.0,29.0,11.8,32.8,19.0,57.5,331.0,7.1
CAMPUS_124,Classroom_Block,2026-06-04,19,56,29.6,41.4,51.4,46.9,41.7,152.7,657.7,9.8
CAMPUS_125,Administrative,2026-06-05,15,20,25.3,45.8,27.3,28.1,28.6,82.5,461.2,7.7
CAMPUS_126,Laboratory,2026-06-06,22,27,20.0,68.7,32.4,0.0,26.3,61.8,292.5,9.1
CAMPUS_127,Library,2026-06-07,16,66,23.4,81.3,61.5,8.4,59.2,215.7,505.0,15.5
CAMPUS_128,Administrative,2026-06-08,15,41,24.3,74.5,33.7,17.4,32.4,145.8,462.3,11.5
CAMPUS_129,Classroom_Block,2026-06-09,15,83,35.3,65.3,70.1,66.9,44.0,250.8,837.5,17.6
CAMPUS_130,Hostel,2026-06-10,7,66,25.5,62.7,60.6,39.5,48.2,196.9,725.9,12.4
CAMPUS_131,Classroom_Block,2026-06-11,18,33,29.7,65.3,35.3,22.7,20.9,72.0,391.7,11.6
CAMPUS_132,Hostel,2026-06-12,14,100,26.4,69.5,81.1,66.5,47.9,290.4,986.2,17.3
CAMPUS_133,Laboratory,2026-06-13,14,91,32.7,48.7,57.3,70.6,48.9,278.5,845.6,16.1
CAMPUS_134,Library,2026-06-14,8,49,24.1,59.4,51.5,11.5,28.0,166.4,526.5,9.7
CAMPUS_135,Laboratory,2026-06-15,6,51,32.5,50.6,50.2,58.4,44.9,137.3,708.7,10.8
CAMPUS_136,Library,2026-06-16,19,72,32.8,89.3,53.2,47.7,47.8,230.2,697.9,13.7
CAMPUS_137,Administrative,2026-06-17,16,31,27.4,42.6,14.6,37.0,19.4,111.8,511.0,8.6
CAMPUS_138,Hostel,2026-06-18,13,76,28.0,95.0,58.9,35.4,36.4,239.2,629.0,12.6
CAMPUS_139,Classroom_Block,2026-06-19,19,25,34.2,58.3,21.0,44.9,19.8,90.9,503.8,9.5
CAMPUS_140,Hostel,2026-06-20,8,53,24.8,63.7,43.7,16.1,35.6,144.1,576.5,12.7
CAMPUS_141,Hostel,2026-06-21,11,33,21.0,65.1,30.4,18.6,21.8,129.4,418.2,5.8
CAMPUS_142,Laboratory,2026-06-22,19,79,25.4,65.9,74.2,49.2,43.3,217.5,785.9,12.8
CAMPUS_143,Administrative,2026-06-23,13,43,21.8,82.0,48.7,0.0,19.6,110.3,374.5,7.7
CAMPUS_144,Laboratory,2026-06-24,18,0,32.4,76.9,0.0,36.9,8.8,15.8,350.5,5.9
CAMPUS_145,Library,2026-06-25,20,99,37.0,42.0,86.7,81.6,39.2,310.4,1073.3,18.1
CAMPUS_146,Laboratory,2026-06-26,7,60,27.0,74.6,60.3,24.0,26.5,217.7,616.1,13.1
CAMPUS_147,Administrative,2026-06-27,10,48,27.7,55.9,54.8,37.1,26.6,135.3,567.8,8.5
CAMPUS_148,Classroom_Block,2026-06-28,10,63,23.6,87.6,57.4,24.6,45.9,190.4,567.1,9.6
CAMPUS_149,Classroom_Block,2026-06-29,12,58,32.7,74.0,47.6,44.4,25.6,137.6,573.0,17.5
CAMPUS_150,Library,2026-06-30,8,35,37.6,30.6,27.5,60.7,31.0,132.9,669.7,8.5
CAMPUS_151,Laboratory,2026-07-01,14,71,34.9,32.0,38.2,64.0,40.2,229.4,770.3,10.1
CAMPUS_152,Classroom_Block,2026-07-02,18,19,30.6,45.5,18.5,54.5,31.6,95.9,586.7,6.3
CAMPUS_153,Administrative,2026-07-03,18,88,37.2,68.0,78.7,67.5,47.6,252.3,981.6,12.9
CAMPUS_154,Laboratory,2026-07-04,19,33,22.4,65.4,34.7,24.7,16.4,96.1,372.2,10.5
CAMPUS_155,Classroom_Block,2026-07-05,20,54,30.4,44.0,45.0,39.5,41.0,149.4,479.1,10.4
CAMPUS_156,Administrative,2026-07-06,13,63,28.6,50.5,43.1,44.0,37.8,221.3,701.4,15.1
CAMPUS_157,Library,2026-07-07,14,51,32.6,60.5,47.7,65.2,39.0,100.6,790.4,8.7
CAMPUS_158,Hostel,2026-07-08,15,26,33.1,74.8,33.9,44.8,23.9,122.9,516.4,7.1
CAMPUS_159,Hostel,2026-07-09,17,84,31.5,62.7,66.1,51.0,50.1,268.3,743.8,15.6
CAMPUS_160,Laboratory,2026-07-10,16,79,32.3,61.6,70.1,66.5,56.9,208.3,991.1,12.4
CAMPUS_161,Classroom_Block,2026-07-11,22,68,31.8,79.2,55.7,60.1,31.4,178.3,778.8,10.4
CAMPUS_162,Hostel,2026-07-12,9,67,27.3,78.9,59.5,41.4,45.4,163.0,722.7,10.5
CAMPUS_163,Laboratory,2026-07-13,15,75,20.3,41.6,59.8,8.9,49.9,209.6,665.7,13.2
CAMPUS_164,Hostel,2026-07-14,11,48,32.3,61.2,36.6,45.9,26.7,132.0,553.8,9.5
CAMPUS_165,Hostel,2026-07-15,13,40,32.1,63.0,29.0,33.0,24.7,147.4,507.8,6.9
CAMPUS_166,Library,2026-07-16,14,71,29.0,89.1,57.6,47.1,41.2,179.3,756.8,16.6
CAMPUS_167,Laboratory,2026-07-17,7,72,28.1,54.2,63.3,53.6,40.6,231.6,837.8,13.5
CAMPUS_168,Classroom_Block,2026-07-18,10,40,34.4,54.2,22.5,41.1,31.8,125.9,546.9,7.9
CAMPUS_169,Laboratory,2026-07-19,19,74,32.2,58.5,52.8,75.9,44.9,222.7,812.8,13.7
CAMPUS_170,Library,2026-07-20,22,99,20.0,39.3,84.6,22.8,54.6,283.5,757.9,14.7
CAMPUS_171,Hostel,2026-07-21,13,32,20.0,51.0,27.5,5.2,19.7,135.9,295.7,9.1
CAMPUS_172,Library,2026-07-22,22,13,22.1,53.2,32.2,0.0,29.6,67.0,274.0,7.2
CAMPUS_173,Library,2026-07-23,7,59,26.4,68.4,51.1,35.8,38.1,192.7,643.0,13.4
CAMPUS_174,Classroom_Block,2026-07-24,16,65,26.8,55.8,55.4,35.5,44.2,188.0,678.7,13.0
CAMPUS_175,Classroom_Block,2026-07-25,21,94,40.0,68.4,78.8,95.2,41.5,278.4,1073.6,16.3
CAMPUS_176,Library,2026-07-26,6,40,31.9,54.4,17.0,31.3,26.2,149.6,489.9,6.8
CAMPUS_177,Classroom_Block,2026-07-27,6,57,24.9,54.4,57.6,19.1,31.1,176.6,527.1,14.0
CAMPUS_178,Library,2026-07-28,8,51,27.1,52.1,52.9,50.5,34.1,143.4,727.6,10.6
CAMPUS_179,Administrative,2026-07-29,21,29,32.3,31.8,24.1,58.5,17.8,94.2,505.3,10.9
CAMPUS_180,Laboratory,2026-07-30,8,32,40.0,74.5,21.8,63.4,22.1,125.6,574.7,10.5
CAMPUS_181,Classroom_Block,2026-07-31,11,29,26.8,59.1,34.3,24.0,17.1,91.3,436.7,7.5
CAMPUS_182,Administrative,2026-08-01,18,58,30.8,64.1,56.2,48.9,50.3,173.8,767.6,11.1
CAMPUS_183,Classroom_Block,2026-08-02,6,69,21.2,76.4,56.8,25.3,41.0,235.1,681.4,12.8
CAMPUS_184,Laboratory,2026-08-03,8,31,26.6,61.1,34.9,25.5,30.0,86.2,524.1,11.0
CAMPUS_185,Library,2026-08-04,14,44,28.5,59.1,47.0,26.9,26.0,133.0,477.7,11.7
CAMPUS_186,Hostel,2026-08-05,10,55,27.1,38.7,48.7,42.0,48.3,159.1,735.1,10.3
CAMPUS_187,Hostel,2026-08-06,13,41,24.3,52.5,41.3,35.9,17.2,130.1,520.8,10.9
CAMPUS_188,Administrative,2026-08-07,17,51,22.4,65.5,50.6,14.0,40.2,154.6,483.6,10.4
CAMPUS_189,Classroom_Block,2026-08-08,6,8,33.1,72.0,19.3,49.2,16.5,19.8,464.8,4.7
CAMPUS_190,Classroom_Block,2026-08-09,8,28,28.0,58.0,37.4,40.6,17.5,98.0,488.0,6.0
CAMPUS_191,Hostel,2026-08-10,15,100,26.6,75.3,81.4,44.0,56.7,285.3,912.4,17.7
CAMPUS_192,Hostel,2026-08-11,14,0,36.7,63.6,15.7,48.1,0.2,5.0,359.9,4.0
CAMPUS_193,Administrative,2026-08-12,14,66,25.7,65.0,50.4,16.8,56.8,209.5,665.0,12.8
CAMPUS_194,Hostel,2026-08-13,8,75,24.1,36.8,58.0,31.0,36.4,262.2,590.5,12.5
CAMPUS_195,Library,2026-08-14,9,78,32.4,60.9,57.1,57.7,39.7,155.3,792.7,15.3
CAMPUS_196,Classroom_Block,2026-08-15,8,41,20.4,56.8,43.4,18.8,35.7,117.4,417.8,8.0
CAMPUS_197,Classroom_Block,2026-08-16,14,25,22.6,53.7,29.9,15.3,32.7,76.1,368.2,13.7
CAMPUS_198,Hostel,2026-08-17,8,90,36.2,35.3,91.2,72.4,65.6,249.6,1063.1,16.0
CAMPUS_199,Classroom_Block,2026-08-18,22,53,25.7,60.6,51.9,32.3,31.5,152.4,648.8,9.9
CAMPUS_200,Laboratory,2026-08-19,16,54,27.5,63.1,49.9,44.5,39.3,146.5,581.3,11.8
CAMPUS_201,Hostel,2026-08-20,13,62,26.6,72.3,61.7,43.9,24.7,205.9,657.3,14.8
CAMPUS_202,Library,2026-08-21,16,83,30.8,52.7,58.2,55.2,64.0,253.1,829.4,13.8
CAMPUS_203,Laboratory,2026-08-22,16,42,28.0,57.3,26.9,40.8,29.6,117.0,508.6,10.4
CAMPUS_204,Library,2026-08-23,6,51,25.7,65.4,46.1,47.1,50.9,157.1,657.7,10.2
CAMPUS_205,Administrative,2026-08-24,15,74,31.5,88.7,45.3,43.3,51.9,203.0,648.0,13.7
CAMPUS_206,Laboratory,2026-08-25,16,76,33.5,25.0,68.2,70.8,46.1,212.4,874.6,13.2
CAMPUS_207,Administrative,2026-08-26,8,32,25.4,36.2,35.7,15.4,26.1,133.5,345.3,9.4
CAMPUS_208,Library,2026-08-27,21,70,27.7,35.5,66.7,42.5,46.1,209.7,664.7,11.0
CAMPUS_209,Classroom_Block,2026-08-28,11,23,26.5,80.6,31.4,6.5,16.7,101.6,238.4,6.3
CAMPUS_210,Hostel,2026-08-29,10,64,30.9,43.3,43.4,49.2,32.5,192.7,637.2,13.1
CAMPUS_211,Laboratory,2026-08-30,9,31,24.8,74.7,29.8,28.9,21.2,64.0,445.5,12.4
CAMPUS_212,Classroom_Block,2026-08-31,19,50,28.0,68.8,50.4,40.6,27.9,167.3,600.1,14.2
CAMPUS_213,Laboratory,2026-09-01,11,69,23.3,58.4,65.7,19.7,49.0,218.9,600.0,11.8
CAMPUS_214,Hostel,2026-09-02,15,56,30.8,66.2,56.6,45.0,36.6,153.6,606.9,11.7
CAMPUS_215,Library,2026-09-03,19,52,32.8,53.4,56.5,48.1,38.8,164.2,674.1,10.5
CAMPUS_216,Administrative,2026-09-04,6,38,30.2,62.1,47.5,36.7,23.3,126.2,565.9,9.2
CAMPUS_217,Hostel,2026-09-05,18,75,28.9,66.9,64.1,58.4,57.2,192.4,865.2,15.5
CAMPUS_218,Laboratory,2026-09-06,19,79,32.3,68.4,78.3,57.0,50.0,269.0,803.1,16.1
CAMPUS_219,Library,2026-09-07,22,45,28.7,54.9,38.5,29.7,37.0,140.1,445.0,9.5
CAMPUS_220,Hostel,2026-09-08,8,63,30.6,63.9,58.7,51.8,46.7,189.3,706.5,9.2
CAMPUS_221,Administrative,2026-09-09,21,33,25.5,63.9,34.0,20.9,33.9,122.9,334.4,8.6
CAMPUS_222,Hostel,2026-09-10,21,80,26.4,64.2,65.0,47.7,48.9,224.6,790.9,17.4
CAMPUS_223,Laboratory,2026-09-11,22,87,36.7,67.0,86.1,78.9,58.1,255.9,1041.4,16.9
CAMPUS_224,Hostel,2026-09-12,7,16,29.0,45.9,31.2,37.8,30.3,85.1,448.3,7.3
CAMPUS_225,Administrative,2026-09-13,18,34,22.6,53.2,40.4,22.2,23.0,85.7,395.4,9.3
CAMPUS_226,Laboratory,2026-09-14,22,71,32.7,44.9,53.5,45.8,32.2,231.6,684.7,11.3
CAMPUS_227,Hostel,2026-09-15,11,42,32.1,68.0,55.4,52.7,30.9,122.4,672.0,9.3
CAMPUS_228,Laboratory,2026-09-16,20,14,24.2,88.7,13.1,13.5,34.3,46.4,405.8,7.2
CAMPUS_229,Hostel,2026-09-17,12,70,22.6,68.1,68.1,28.5,40.5,212.7,671.6,13.0
CAMPUS_230,Administrative,2026-09-18,15,69,22.8,69.5,60.9,18.7,38.8,187.7,557.4,10.9
CAMPUS_231,Administrative,2026-09-19,20,80,36.9,70.7,56.6,76.0,49.9,213.8,871.3,14.7
CAMPUS_232,Laboratory,2026-09-20,13,47,29.8,43.0,43.7,45.9,24.6,90.5,610.2,13.0
CAMPUS_233,Hostel,2026-09-21,20,46,26.0,70.6,37.8,30.9,39.5,135.8,528.3,10.8
CAMPUS_234,Hostel,2026-09-22,13,58,26.8,68.1,48.3,39.2,40.7,150.4,656.8,9.9
CAMPUS_235,Library,2026-09-23,8,32,28.7,40.3,19.4,30.3,18.5,121.3,464.8,8.0
CAMPUS_236,Laboratory,2026-09-24,12,72,22.7,49.8,62.4,43.2,34.7,217.3,702.2,10.9
CAMPUS_237,Library,2026-09-25,7,84,27.0,65.6,65.9,38.4,45.4,246.2,741.6,15.6
CAMPUS_238,Hostel,2026-09-26,12,72,21.0,59.9,63.2,32.9,44.8,207.2,662.2,11.6
CAMPUS_239,Laboratory,2026-09-27,17,59,30.6,76.2,58.8,44.4,41.0,186.3,659.2,10.2
CAMPUS_240,Classroom_Block,2026-09-28,13,57,26.7,56.5,42.3,52.8,25.7,198.5,596.4,8.3
CAMPUS_241,Hostel,2026-09-29,14,96,32.2,42.1,78.0,65.3,43.8,292.1,819.3,18.3
CAMPUS_242,Hostel,2026-09-30,19,69,26.6,84.6,51.6,54.6,39.4,228.6,693.4,15.8
CAMPUS_243,Laboratory,2026-10-01,19,71,25.7,46.1,68.4,38.8,43.5,189.3,662.4,16.1
CAMPUS_244,Classroom_Block,2026-10-02,9,71,35.6,77.6,65.4,71.9,43.4,224.8,798.0,13.1
CAMPUS_245,Library,2026-10-03,17,60,34.8,68.4,52.1,54.1,31.1,167.2,681.0,10.8
CAMPUS_246,Library,2026-10-04,11,89,32.1,64.4,65.4,47.3,33.9,236.0,825.7,16.5
CAMPUS_247,Classroom_Block,2026-10-05,12,94,25.7,86.1,62.7,34.1,59.2,242.7,659.0,9.8
CAMPUS_248,Library,2026-10-06,15,86,24.5,66.7,69.6,47.3,46.0,302.5,821.7,15.4
CAMPUS_249,Administrative,2026-10-07,9,17,32.5,80.7,15.8,36.8,20.5,74.3,324.7,6.8
CAMPUS_250,Administrative,2026-10-08,18,84,29.2,72.0,72.5,58.3,36.5,230.8,736.1,15.3
CAMPUS_251,Hostel,2026-10-09,8,51,33.4,25.0,62.7,46.3,41.7,158.3,662.0,8.4
CAMPUS_252,Hostel,2026-10-10,13,91,30.9,62.2,81.6,55.3,50.2,264.9,795.4,17.4
CAMPUS_253,Library,2026-10-11,22,37,26.3,74.2,29.8,28.8,21.1,131.1,430.2,10.2
CAMPUS_254,Administrative,2026-10-12,13,85,28.2,79.9,58.3,51.4,40.1,266.3,677.1,14.0
CAMPUS_255,Classroom_Block,2026-10-13,17,77,28.0,48.9,63.3,43.3,39.7,219.6,627.3,15.2
CAMPUS_256,Laboratory,2026-10-14,18,19,28.3,44.3,14.5,32.8,19.2,84.8,450.8,8.2
CAMPUS_257,Laboratory,2026-10-15,17,100,20.0,81.8,67.7,19.8,52.0,309.8,673.1,16.8
CAMPUS_258,Library,2026-10-16,20,45,26.8,73.6,30.7,36.9,31.8,148.0,493.0,12.9
CAMPUS_259,Library,2026-10-17,22,40,35.5,50.8,33.3,51.4,25.5,160.1,616.9,7.5
CAMPUS_260,Library,2026-10-18,16,78,34.4,86.3,63.4,68.0,37.3,206.4,902.0,13.4
CAMPUS_261,Laboratory,2026-10-19,9,86,26.5,54.7,71.6,46.9,48.1,256.9,795.1,11.2
CAMPUS_262,Laboratory,2026-10-20,8,40,30.4,68.6,34.0,43.8,32.2,147.1,555.8,9.0
CAMPUS_263,Classroom_Block,2026-10-21,9,77,30.2,49.0,55.6,41.8,40.9,242.8,726.0,17.2
CAMPUS_264,Classroom_Block,2026-10-22,22,33,26.5,67.0,28.2,36.1,22.1,142.5,380.9,8.2
CAMPUS_265,Library,2026-10-23,14,21,26.0,52.7,34.2,21.5,23.6,122.4,429.2,5.0
CAMPUS_266,Library,2026-10-24,6,66,26.5,65.0,54.4,24.1,41.2,195.2,592.5,11.5
CAMPUS_267,Administrative,2026-10-25,22,70,25.4,82.2,67.9,32.4,40.8,171.4,717.6,14.5
CAMPUS_268,Hostel,2026-10-26,15,92,28.7,75.7,68.3,55.0,46.7,290.2,899.1,14.1
CAMPUS_269,Library,2026-10-27,21,14,29.9,42.9,0.2,38.8,21.9,77.1,334.7,7.0
CAMPUS_270,Classroom_Block,2026-10-28,7,62,33.0,49.6,43.1,71.7,37.8,231.2,721.7,11.8
CAMPUS_271,Library,2026-10-29,13,84,29.9,91.0,71.6,42.6,37.7,228.9,738.7,16.4
CAMPUS_272,Administrative,2026-10-30,10,27,20.5,49.0,30.3,12.4,10.0,117.3,395.4,9.4
CAMPUS_273,Administrative,2026-10-31,12,85,24.9,91.1,52.4,26.5,62.7,268.3,563.0,6.8
CAMPUS_274,Administrative,2026-11-01,10,79,22.8,48.0,60.2,25.8,50.5,207.5,703.6,15.5
CAMPUS_275,Administrative,2026-11-02,19,59,20.0,64.9,45.7,19.1,34.6,172.1,496.8,13.6
CAMPUS_276,Laboratory,2026-11-03,13,46,23.0,52.9,33.2,16.5,35.9,134.8,425.1,10.0
CAMPUS_277,Library,2026-11-04,16,100,37.3,63.7,78.2,72.8,52.0,268.5,1021.0,16.8
CAMPUS_278,Hostel,2026-11-05,20,59,30.1,58.9,51.9,40.0,36.4,179.0,641.9,17.0
CAMPUS_279,Library,2026-11-06,15,47,30.8,92.8,55.9,50.2,19.9,132.4,548.9,15.3
CAMPUS_280,Hostel,2026-11-07,10,61,30.5,82.4,45.4,54.5,38.1,155.0,695.5,9.6
CAMPUS_281,Laboratory,2026-11-08,21,43,33.1,51.6,53.7,59.0,18.9,136.5,589.7,8.7
CAMPUS_282,Library,2026-11-09,11,100,34.2,63.0,86.7,64.7,44.7,246.1,907.6,16.3
CAMPUS_283,Library,2026-11-10,21,57,23.9,54.9,51.8,33.4,46.6,177.3,724.4,13.1
CAMPUS_284,Laboratory,2026-11-11,10,7,23.4,50.7,13.5,0.0,8.2,50.8,146.5,2.3
CAMPUS_285,Hostel,2026-11-12,13,58,24.9,54.9,50.6,37.9,33.6,167.1,665.5,10.9
CAMPUS_286,Administrative,2026-11-13,12,36,21.0,76.0,27.7,19.8,30.0,134.5,349.8,10.6
CAMPUS_287,Classroom_Block,2026-11-14,14,63,23.5,67.5,52.3,31.3,31.4,166.7,519.4,8.9
CAMPUS_288,Laboratory,2026-11-15,16,67,25.8,58.5,77.2,36.9,52.6,183.5,725.0,10.5
CAMPUS_289,Administrative,2026-11-16,8,73,32.3,40.2,52.3,53.5,49.0,230.2,756.4,13.1
CAMPUS_290,Laboratory,2026-11-17,11,70,27.6,54.1,65.5,39.3,31.4,185.3,697.1,16.0
CAMPUS_291,Library,2026-11-18,11,100,26.9,63.1,79.6,38.4,64.1,330.8,809.1,17.3
CAMPUS_292,Classroom_Block,2026-11-19,13,31,25.6,70.2,18.7,30.9,10.4,96.1,285.0,6.1
CAMPUS_293,Laboratory,2026-11-20,19,97,28.3,70.0,71.3,50.5,50.1,310.2,863.9,18.5
CAMPUS_294,Laboratory,2026-11-21,14,72,26.5,55.8,57.9,39.9,68.4,184.9,780.8,13.5
CAMPUS_295,Classroom_Block,2026-11-22,17,56,26.6,31.2,48.8,18.7,33.7,132.6,479.3,13.2
CAMPUS_296,Library,2026-11-23,7,50,27.2,71.3,37.3,30.9,33.7,139.5,582.9,8.3
CAMPUS_297,Hostel,2026-11-24,22,60,28.4,66.8,48.9,40.5,37.5,195.8,620.0,12.5
CAMPUS_298,Administrative,2026-11-25,10,27,21.8,51.0,26.7,1.9,37.1,94.1,302.7,5.2
CAMPUS_299,Laboratory,2026-11-26,16,45,31.9,60.7,53.8,50.3,19.4,155.6,483.3,11.3
CAMPUS_300,Classroom_Block,2026-11-27,18,75,23.0,65.9,53.4,24.6,45.6,202.6,543.5,12.9
CAMPUS_301,Laboratory,2026-11-28,10,22,29.7,43.5,22.9,37.4,14.3,63.5,380.1,8.4
CAMPUS_302,Hostel,2026-11-29,22,55,20.0,63.0,50.6,1.9,42.4,215.1,390.5,9.5
CAMPUS_303,Laboratory,2026-11-30,12,67,31.9,95.0,59.3,60.2,38.1,161.6,794.2,14.6
CAMPUS_304,Classroom_Block,2026-12-01,20,70,27.3,55.7,59.3,50.9,44.7,203.1,753.5,13.8
CAMPUS_305,Hostel,2026-12-02,8,63,26.1,75.0,62.1,46.1,44.0,185.4,733.1,13.7
CAMPUS_306,Administrative,2026-12-03,21,83,23.5,42.2,79.6,34.3,42.1,284.3,764.7,17.0
CAMPUS_307,Laboratory,2026-12-04,8,53,28.5,49.9,32.4,29.2,34.9,123.8,492.3,9.2
CAMPUS_308,Laboratory,2026-12-05,7,59,28.0,52.3,62.4,36.5,40.0,161.8,664.8,13.2
CAMPUS_309,Classroom_Block,2026-12-06,8,7,31.4,52.7,8.0,37.9,19.3,22.4,460.3,5.6
CAMPUS_310,Administrative,2026-12-07,17,20,30.1,70.6,22.6,30.5,29.3,74.1,424.6,7.1
CAMPUS_311,Administrative,2026-12-08,17,85,34.1,48.0,69.9,53.2,57.4,242.1,759.9,14.2
CAMPUS_312,Library,2026-12-09,13,90,29.0,63.0,76.1,48.6,42.7,253.7,747.3,16.6
CAMPUS_313,Library,2026-12-10,15,24,27.1,49.0,26.1,18.1,11.0,108.0,375.5,9.8
CAMPUS_314,Hostel,2026-12-11,6,84,27.0,66.1,70.6,41.8,45.6,244.9,795.3,16.7
CAMPUS_315,Library,2026-12-12,20,47,33.0,63.6,32.8,57.8,34.8,172.0,693.1,11.1
CAMPUS_316,Laboratory,2026-12-13,10,68,30.4,55.0,59.5,37.1,46.2,198.6,702.4,10.3
CAMPUS_317,Classroom_Block,2026-12-14,20,15,22.7,83.5,14.4,0.0,20.4,53.2,200.0,7.0
CAMPUS_318,Laboratory,2026-12-15,14,72,28.5,32.0,61.3,52.7,44.2,223.8,801.0,15.3
CAMPUS_319,Classroom_Block,2026-12-16,6,56,32.2,75.6,44.9,55.1,59.1,151.2,730.3,8.0
CAMPUS_320,Laboratory,2026-12-17,15,76,31.5,71.5,62.3,55.9,34.9,228.7,696.0,15.7
CAMPUS_321,Laboratory,2026-12-18,21,82,21.2,38.5,72.7,15.4,70.1,231.6,694.5,14.8
CAMPUS_322,Classroom_Block,2026-12-19,6,40,33.9,45.4,37.8,44.2,30.7,146.0,521.7,7.4
CAMPUS_323,Administrative,2026-12-20,11,53,26.8,52.5,52.9,24.6,38.0,158.9,567.6,10.9
CAMPUS_324,Classroom_Block,2026-12-21,15,50,28.2,51.9,36.1,41.7,20.7,147.2,523.3,10.3
CAMPUS_325,Library,2026-12-22,12,64,33.0,36.8,52.4,65.5,51.2,165.7,790.1,16.0
CAMPUS_326,Laboratory,2026-12-23,15,42,25.9,25.0,47.1,39.6,32.4,147.2,536.1,10.7
CAMPUS_327,Classroom_Block,2026-12-24,19,28,30.9,57.9,31.8,44.3,11.3,118.4,408.1,6.8
CAMPUS_328,Hostel,2026-12-25,14,100,25.4,65.9,72.2,57.6,43.6,264.4,859.1,13.9
CAMPUS_329,Hostel,2026-12-26,20,53,24.8,35.4,53.4,26.8,32.4,173.2,532.7,10.5
CAMPUS_330,Hostel,2026-12-27,7,88,27.0,45.6,70.1,39.7,48.7,241.1,776.6,16.1
CAMPUS_331,Hostel,2026-12-28,15,100,24.9,90.1,77.0,35.6,69.5,297.8,956.1,20.2
CAMPUS_332,Laboratory,2026-12-29,18,77,26.0,37.0,64.3,43.8,36.7,225.3,710.1,15.8
CAMPUS_333,Administrative,2026-12-30,10,98,28.1,56.7,76.2,55.8,49.4,295.9,870.1,15.8
CAMPUS_334,Classroom_Block,2026-12-31,15,75,25.8,65.0,67.2,35.5,46.5,207.7,685.5,15.3
CAMPUS_335,Library,2027-01-01,13,7,27.6,95.0,18.9,16.8,19.8,57.6,270.9,3.2
CAMPUS_336,Administrative,2027-01-02,19,52,21.2,37.3,40.7,26.9,30.9,172.4,494.5,9.8
CAMPUS_337,Library,2027-01-03,15,77,27.5,87.7,61.3,51.0,49.4,257.2,806.3,13.1
CAMPUS_338,Laboratory,2027-01-04,14,42,31.0,67.0,32.6,48.7,30.8,142.9,625.2,10.2
CAMPUS_339,Administrative,2027-01-05,9,54,36.7,42.6,65.4,69.6,26.6,151.5,768.1,10.0
CAMPUS_340,Administrative,2027-01-06,17,80,27.9,72.0,61.8,38.8,56.5,231.7,745.3,10.8
CAMPUS_341,Library,2027-01-07,11,97,29.6,47.8,76.9,54.0,54.3,295.3,959.3,12.7
CAMPUS_342,Classroom_Block,2027-01-08,21,47,32.7,67.1,44.0,63.5,25.7,149.7,650.3,8.5
CAMPUS_343,Laboratory,2027-01-09,16,76,21.6,64.7,68.3,31.6,46.2,213.8,739.8,15.0
CAMPUS_344,Laboratory,2027-01-10,19,92,20.0,64.1,87.3,16.4,66.4,289.3,747.8,13.2
CAMPUS_345,Laboratory,2027-01-11,17,60,28.1,50.2,46.1,39.1,43.8,206.4,588.2,11.1
CAMPUS_346,Classroom_Block,2027-01-12,12,93,27.5,52.2,66.2,68.9,62.4,232.0,959.6,14.5
CAMPUS_347,Library,2027-01-13,6,39,29.9,55.1,48.8,33.3,38.3,69.4,597.4,6.6
CAMPUS_348,Hostel,2027-01-14,16,70,31.3,60.2,65.0,51.1,53.7,195.2,773.7,11.4
CAMPUS_349,Classroom_Block,2027-01-15,18,46,29.6,74.6,47.9,38.3,30.4,148.7,572.0,13.4
CAMPUS_350,Classroom_Block,2027-01-16,18,57,31.7,70.2,58.4,42.5,32.6,174.9,623.0,8.1
CAMPUS_351,Hostel,2027-01-17,19,57,30.9,57.6,50.9,45.8,44.2,150.7,621.3,10.7
CAMPUS_352,Hostel,2027-01-18,21,37,27.3,45.9,31.0,25.9,38.1,149.0,457.4,11.6
CAMPUS_353,Laboratory,2027-01-19,13,7,27.3,49.0,16.3,22.8,22.4,60.7,267.9,5.5
CAMPUS_354,Laboratory,2027-01-20,22,61,25.5,64.7,48.8,34.0,27.8,202.7,570.5,9.0
CAMPUS_355,Laboratory,2027-01-21,7,72,24.4,73.9,58.3,32.0,40.4,211.1,721.7,13.1
CAMPUS_356,Laboratory,2027-01-22,18,39,29.9,80.6,35.1,45.9,35.5,103.2,681.1,10.3
CAMPUS_357,Hostel,2027-01-23,21,33,32.5,42.7,25.3,48.9,21.9,113.2,535.0,5.1
CAMPUS_358,Classroom_Block,2027-01-24,14,71,28.4,52.1,54.9,43.7,47.1,193.8,684.1,11.1
CAMPUS_359,Laboratory,2027-01-25,17,73,24.6,76.4,60.0,43.7,52.5,221.0,714.5,13.9
CAMPUS_360,Hostel,2027-01-26,7,100,36.4,63.8,79.2,77.0,52.7,292.8,1057.5,14.7
CAMPUS_361,Hostel,2027-01-27,16,86,21.5,46.7,65.6,36.5,61.7,257.5,754.4,18.3
CAMPUS_362,Classroom_Block,2027-01-28,14,73,26.5,57.2,70.6,42.2,44.6,233.5,665.6,14.9
CAMPUS_363,Hostel,2027-01-29,18,74,33.0,53.7,60.5,58.1,40.4,217.3,773.2,12.6
CAMPUS_364,Laboratory,2027-01-30,8,37,29.4,58.0,40.2,41.3,24.8,167.1,641.3,9.5
CAMPUS_365,Administrative,2027-01-31,19,56,26.2,69.5,54.0,28.2,34.9,168.1,501.7,11.2
CAMPUS_366,Administrative,2027-02-01,15,35,35.4,52.7,53.5,67.1,33.4,106.1,688.1,11.3
CAMPUS_367,Classroom_Block,2027-02-02,22,69,20.5,61.0,52.2,21.9,45.2,198.6,590.8,10.7
CAMPUS_368,Laboratory,2027-02-03,21,58,30.7,62.6,39.9,60.5,37.1,148.9,687.6,12.7
CAMPUS_369,Classroom_Block,2027-02-04,10,26,29.6,60.5,11.2,33.6,18.7,42.8,375.1,6.1
CAMPUS_370,Hostel,2027-02-05,8,73,20.4,71.5,60.6,30.0,29.9,199.7,642.6,15.2
CAMPUS_371,Hostel,2027-02-06,16,79,30.4,62.5,70.9,46.4,44.8,242.6,772.1,14.1
CAMPUS_372,Library,2027-02-07,6,74,31.9,33.7,70.4,39.1,40.2,240.1,733.6,15.4
CAMPUS_373,Laboratory,2027-02-08,7,67,35.9,64.8,51.4,68.2,47.3,202.5,807.0,12.6
CAMPUS_374,Classroom_Block,2027-02-09,12,80,29.7,79.5,55.0,57.8,47.0,269.7,750.7,13.9
CAMPUS_375,Classroom_Block,2027-02-10,17,48,26.6,85.3,55.5,19.1,28.5,156.8,517.1,8.7
CAMPUS_376,Administrative,2027-02-11,20,34,29.5,72.0,41.5,31.6,27.0,109.5,437.1,9.5
CAMPUS_377,Library,2027-02-12,21,34,38.3,76.7,30.1,63.6,35.9,113.7,643.5,7.5
CAMPUS_378,Library,2027-02-13,19,45,28.9,82.5,38.9,38.6,39.6,136.8,539.2,9.9
CAMPUS_379,Laboratory,2027-02-14,12,53,34.4,54.1,49.0,51.0,15.5,169.6,633.2,5.7
CAMPUS_380,Hostel,2027-02-15,7,17,31.6,46.7,32.5,45.1,28.5,96.1,533.6,6.6
CAMPUS_381,Administrative,2027-02-16,7,48,29.6,62.3,30.9,39.5,47.0,124.1,663.4,12.2
CAMPUS_382,Classroom_Block,2027-02-17,14,43,21.0,34.3,45.7,14.1,35.7,171.1,396.0,13.3
CAMPUS_383,Administrative,2027-02-18,15,79,32.0,55.8,81.8,38.3,51.5,198.7,686.0,17.4
CAMPUS_384,Classroom_Block,2027-02-19,15,31,31.5,64.4,41.3,43.5,12.8,145.5,525.9,8.2
CAMPUS_385,Library,2027-02-20,6,59,20.0,63.4,64.5,15.1,30.0,191.2,558.9,14.1
CAMPUS_386,Classroom_Block,2027-02-21,16,40,22.8,49.7,29.5,35.4,20.0,151.1,419.3,10.2
CAMPUS_387,Library,2027-02-22,20,52,20.2,51.3,46.2,12.7,16.4,185.4,454.7,11.6
CAMPUS_388,Laboratory,2027-02-23,6,92,21.2,42.2,64.1,46.4,63.6,232.0,787.1,16.7
CAMPUS_389,Administrative,2027-02-24,12,87,24.3,67.4,56.4,37.6,57.2,220.3,760.1,14.1
CAMPUS_390,Library,2027-02-25,10,19,29.5,58.0,29.6,37.5,21.6,37.7,465.6,7.9
CAMPUS_391,Library,2027-02-26,7,100,30.3,92.0,73.7,62.1,61.1,286.5,969.5,20.0
CAMPUS_392,Administrative,2027-02-27,14,85,27.7,91.0,78.9,64.1,41.6,239.3,914.1,16.6
CAMPUS_393,Laboratory,2027-02-28,13,100,33.8,61.7,74.4,66.0,57.4,274.4,917.3,16.8
CAMPUS_394,Library,2027-03-01,6,45,22.6,93.4,55.0,17.2,32.4,156.7,496.6,13.3
CAMPUS_395,Library,2027-03-02,10,80,34.0,67.1,61.0,58.2,43.0,222.8,862.8,12.6
CAMPUS_396,Hostel,2027-03-03,10,100,20.0,78.2,84.6,10.3,51.0,287.9,642.5,16.2
CAMPUS_397,Hostel,2027-03-04,12,75,22.8,64.8,60.1,41.3,55.0,201.7,812.8,17.5
CAMPUS_398,Laboratory,2027-03-05,11,32,29.8,52.9,34.0,35.4,38.3,133.9,531.9,9.1
CAMPUS_399,Hostel,2027-03-06,13,45,28.3,44.5,48.6,20.8,43.2,144.3,580.4,11.3
CAMPUS_400,Library,2027-03-07,11,34,26.8,68.5,28.4,24.8,28.0,78.9,475.4,9.3
CAMPUS_401,Library,2027-03-08,17,71,25.3,73.5,65.1,37.5,41.4,233.1,570.6,17.2
CAMPUS_402,Laboratory,2027-03-09,22,35,27.0,45.4,34.3,28.5,22.5,126.4,491.6,10.8
CAMPUS_403,Library,2027-03-10,10,46,32.0,79.4,38.2,45.4,30.9,136.1,577.1,14.9
CAMPUS_404,Library,2027-03-11,16,75,32.7,29.6,62.6,69.8,38.1,189.7,826.3,13.5
CAMPUS_405,Library,2027-03-12,16,100,29.6,66.1,77.8,73.3,65.6,324.9,1034.0,17.2
CAMPUS_406,Classroom_Block,2027-03-13,16,34,30.5,65.3,31.2,53.9,20.8,105.9,574.3,11.9
CAMPUS_407,Hostel,2027-03-14,22,23,24.2,40.7,30.2,11.9,23.4,88.1,361.1,7.1
CAMPUS_408,Administrative,2027-03-15,16,68,27.7,63.6,57.4,47.9,56.9,201.1,755.7,13.2
CAMPUS_409,Library,2027-03-16,12,57,20.0,63.0,35.6,13.8,42.5,167.3,466.5,12.2
CAMPUS_410,Administrative,2027-03-17,22,33,29.2,71.2,32.6,48.5,21.1,100.2,572.6,9.0
CAMPUS_411,Hostel,2027-03-18,11,81,35.5,80.7,60.5,66.4,50.5,228.0,856.3,14.3
CAMPUS_412,Administrative,2027-03-19,17,34,29.8,75.8,43.0,48.1,33.5,104.8,595.6,12.4
CAMPUS_413,Administrative,2027-03-20,16,47,28.7,95.0,38.5,33.9,43.1,158.8,548.3,10.5
CAMPUS_414,Administrative,2027-03-21,16,77,31.6,60.1,66.1,54.6,32.0,254.4,691.6,17.0
CAMPUS_415,Library,2027-03-22,17,29,25.3,78.8,41.2,7.6,8.8,92.6,287.8,5.0
CAMPUS_416,Administrative,2027-03-23,19,64,26.9,59.6,50.8,37.8,37.6,182.9,593.4,10.0
CAMPUS_417,Administrative,2027-03-24,19,74,30.9,75.5,66.1,53.9,54.5,218.1,741.3,14.6
CAMPUS_418,Hostel,2027-03-25,20,75,27.2,35.0,53.6,40.6,34.2,221.1,689.3,13.9
CAMPUS_419,Classroom_Block,2027-03-26,13,34,26.7,49.1,21.3,26.8,10.4,129.4,352.1,10.1
CAMPUS_420,Classroom_Block,2027-03-27,15,47,31.4,76.5,42.0,37.1,42.1,156.3,658.6,10.5
CAMPUS_421,Laboratory,2027-03-28,18,65,34.0,54.9,59.6,52.8,48.3,189.3,809.8,12.3
CAMPUS_422,Classroom_Block,2027-03-29,18,61,23.1,60.3,44.9,26.1,32.5,198.4,439.7,12.2
CAMPUS_423,Library,2027-03-30,21,36,31.9,54.5,34.8,42.3,19.9,116.1,489.9,9.9
CAMPUS_424,Hostel,2027-03-31,18,28,25.2,52.4,16.9,28.2,12.6,87.5,390.3,11.3
CAMPUS_425,Classroom_Block,2027-04-01,12,44,25.4,63.0,38.3,21.1,17.9,164.0,387.8,9.3
CAMPUS_426,Hostel,2027-04-02,17,79,34.8,62.0,57.3,77.6,38.5,245.3,919.1,12.9
CAMPUS_427,Library,2027-04-03,17,74,31.1,63.4,51.6,42.8,38.4,207.6,637.4,15.2
CAMPUS_428,Administrative,2027-04-04,17,56,30.9,76.0,55.6,37.7,43.3,184.7,561.7,12.0
CAMPUS_429,Hostel,2027-04-05,10,81,20.0,70.4,50.4,26.9,50.7,225.9,579.9,13.2
CAMPUS_430,Hostel,2027-04-06,16,35,31.1,94.7,37.7,40.3,16.9,135.5,500.2,6.1
CAMPUS_431,Administrative,2027-04-07,15,100,24.3,78.0,83.8,32.3,45.3,292.3,772.4,19.4
CAMPUS_432,Classroom_Block,2027-04-08,9,41,29.7,85.0,32.9,59.1,36.4,123.0,649.6,12.8
CAMPUS_433,Administrative,2027-04-09,8,37,27.5,60.6,25.1,31.7,36.4,127.2,465.3,10.5
CAMPUS_434,Hostel,2027-04-10,21,67,30.3,83.2,68.7,58.1,43.3,215.6,827.3,14.9
CAMPUS_435,Administrative,2027-04-11,12,31,28.0,56.9,41.9,38.3,13.9,147.7,540.5,8.8
CAMPUS_436,Library,2027-04-12,21,23,30.2,34.9,16.5,36.6,19.4,106.7,405.3,6.9
CAMPUS_437,Classroom_Block,2027-04-13,6,51,31.6,71.4,40.5,43.8,35.0,175.4,558.1,10.0
CAMPUS_438,Administrative,2027-04-14,18,50,31.5,66.2,45.6,47.6,26.7,153.3,601.9,8.6
CAMPUS_439,Library,2027-04-15,22,66,28.4,56.2,44.7,52.4,51.1,198.6,715.6,12.7
CAMPUS_440,Hostel,2027-04-16,13,67,25.5,54.5,65.3,23.5,36.2,179.2,678.3,8.2
CAMPUS_441,Library,2027-04-17,16,98,31.1,41.7,61.9,63.0,68.1,246.3,948.2,15.2
CAMPUS_442,Administrative,2027-04-18,18,41,34.6,77.3,41.1,52.9,17.9,141.8,662.4,9.0
CAMPUS_443,Laboratory,2027-04-19,19,60,29.4,60.1,45.8,60.0,29.4,141.1,727.7,10.0
CAMPUS_444,Hostel,2027-04-20,14,40,26.6,63.0,40.8,16.4,19.9,97.2,411.0,9.7
CAMPUS_445,Administrative,2027-04-21,7,71,23.5,64.5,52.7,24.7,25.6,212.5,574.7,11.1
CAMPUS_446,Laboratory,2027-04-22,6,69,27.7,69.9,53.1,29.4,46.5,228.0,577.1,17.5
CAMPUS_447,Administrative,2027-04-23,16,31,27.6,45.4,46.1,12.3,21.0,109.1,348.4,8.0
CAMPUS_448,Library,2027-04-24,11,50,34.6,67.4,49.4,71.4,37.0,145.3,797.4,13.1
CAMPUS_449,Classroom_Block,2027-04-25,11,31,26.0,81.5,39.6,36.4,29.7,114.3,505.5,3.3
CAMPUS_450,Administrative,2027-04-26,21,43,24.6,58.4,28.2,34.0,33.4,121.9,472.7,11.6
CAMPUS_451,Hostel,2027-04-27,15,84,26.1,84.0,83.5,44.4,46.4,270.1,831.1,18.2
CAMPUS_452,Hostel,2027-04-28,7,36,25.6,25.0,37.0,15.8,33.4,137.8,410.9,9.3
CAMPUS_453,Classroom_Block,2027-04-29,8,37,29.8,71.5,30.5,42.4,12.5,145.1,501.3,10.8
CAMPUS_454,Administrative,2027-04-30,9,52,33.7,95.0,53.9,47.8,34.9,162.7,653.6,6.0
CAMPUS_455,Laboratory,2027-05-01,21,38,29.8,79.4,44.5,27.0,25.6,93.0,410.4,12.0
CAMPUS_456,Classroom_Block,2027-05-02,18,59,25.6,52.1,50.1,32.5,45.1,172.0,660.0,12.3
CAMPUS_457,Laboratory,2027-05-03,15,14,26.6,64.9,20.3,34.2,21.6,111.4,418.4,8.6
CAMPUS_458,Classroom_Block,2027-05-04,6,79,20.6,74.5,56.7,29.6,65.4,248.6,674.7,16.5
CAMPUS_459,Laboratory,2027-05-05,18,0,27.0,45.0,20.5,12.7,1.1,50.1,163.4,2.1
CAMPUS_460,Library,2027-05-06,13,23,35.1,52.9,20.2,44.0,11.2,101.5,418.6,9.6
CAMPUS_461,Library,2027-05-07,16,78,28.5,81.2,63.1,44.0,40.1,208.2,653.9,12.6
CAMPUS_462,Classroom_Block,2027-05-08,16,84,23.6,57.5,73.9,26.6,58.2,216.3,727.5,15.1
CAMPUS_463,Laboratory,2027-05-09,10,59,28.6,62.7,46.3,24.3,43.0,192.4,542.9,9.5
CAMPUS_464,Administrative,2027-05-10,22,69,34.3,54.3,64.9,41.5,43.0,186.3,781.5,12.2
CAMPUS_465,Laboratory,2027-05-11,9,30,32.7,64.8,30.0,42.2,27.5,134.8,469.4,8.5
CAMPUS_466,Library,2027-05-12,16,63,28.0,50.4,53.9,37.0,41.2,214.4,574.8,15.1
CAMPUS_467,Classroom_Block,2027-05-13,19,56,28.4,54.4,45.6,50.2,40.1,168.8,831.8,15.3
CAMPUS_468,Laboratory,2027-05-14,18,90,24.7,75.5,75.2,43.4,56.3,253.6,832.6,17.2
CAMPUS_469,Library,2027-05-15,18,100,25.9,73.7,79.8,38.5,49.1,283.3,802.5,19.8
CAMPUS_470,Library,2027-05-16,19,46,32.0,59.6,45.2,32.1,38.2,131.8,503.8,12.5
CAMPUS_471,Classroom_Block,2027-05-17,6,36,38.1,70.9,37.0,72.9,22.3,100.6,689.2,6.4
CAMPUS_472,Hostel,2027-05-18,18,56,38.5,79.2,43.8,55.1,29.4,193.1,669.1,11.9
CAMPUS_473,Administrative,2027-05-19,12,78,27.5,32.4,70.9,47.2,30.9,228.3,861.8,18.2
CAMPUS_474,Library,2027-05-20,22,87,31.7,48.8,67.4,63.3,56.0,256.0,904.9,14.1
CAMPUS_475,Laboratory,2027-05-21,21,78,31.5,76.2,60.7,48.7,43.9,220.0,715.0,13.4
CAMPUS_476,Library,2027-05-22,19,57,30.8,59.1,46.7,43.8,35.3,128.5,728.9,11.7
CAMPUS_477,Administrative,2027-05-23,10,64,27.1,53.0,53.7,44.7,37.5,218.8,670.8,13.5
CAMPUS_478,Administrative,2027-05-24,22,83,33.0,50.6,59.8,56.4,48.2,272.9,766.3,13.5
CAMPUS_479,Library,2027-05-25,21,54,29.5,37.4,48.7,43.1,33.4,176.9,600.0,7.9
CAMPUS_480,Administrative,2027-05-26,7,72,30.7,54.0,55.8,59.5,41.4,204.9,751.1,14.6
CAMPUS_481,Library,2027-05-27,11,73,35.0,57.5,79.4,66.2,46.6,198.2,837.2,13.0
CAMPUS_482,Laboratory,2027-05-28,22,73,27.1,67.9,60.7,48.2,38.7,206.9,754.2,11.5
CAMPUS_483,Administrative,2027-05-29,20,84,28.8,60.7,67.5,59.5,40.5,220.0,734.7,18.3
CAMPUS_484,Library,2027-05-30,9,23,23.2,58.5,21.5,21.2,15.3,59.1,287.6,5.6
CAMPUS_485,Administrative,2027-05-31,13,36,24.1,56.6,36.4,24.5,26.0,145.9,403.3,10.2
CAMPUS_486,Classroom_Block,2027-06-01,13,84,25.8,71.5,58.4,47.0,34.8,246.3,741.4,17.3
CAMPUS_487,Library,2027-06-02,13,56,30.8,76.0,53.5,61.2,28.1,163.6,656.3,12.8
CAMPUS_488,Administrative,2027-06-03,15,95,28.4,84.1,85.8,59.3,44.6,267.3,940.0,11.7
CAMPUS_489,Library,2027-06-04,18,44,26.0,76.8,48.8,25.8,25.4,143.1,442.3,11.3
CAMPUS_490,Administrative,2027-06-05,17,39,38.2,51.2,37.2,74.6,19.6,124.1,580.0,7.6
CAMPUS_491,Laboratory,2027-06-06,16,58,25.6,69.3,53.3,19.5,41.5,136.7,590.7,14.7
CAMPUS_492,Administrative,2027-06-07,22,20,27.3,94.9,25.7,33.4,7.1,109.8,399.0,8.1
CAMPUS_493,Administrative,2027-06-08,15,40,32.1,77.7,41.9,50.4,32.3,146.3,480.0,13.1
CAMPUS_494,Classroom_Block,2027-06-09,20,60,25.9,70.1,55.7,40.0,17.6,166.0,535.7,11.4
CAMPUS_495,Hostel,2027-06-10,17,72,31.7,74.0,56.1,40.6,35.6,190.5,677.2,12.5
CAMPUS_496,Library,2027-06-11,19,100,24.2,43.5,78.0,40.9,61.4,297.2,840.6,14.7
CAMPUS_497,Library,2027-06-12,20,100,31.8,53.0,68.5,60.0,44.8,269.3,811.2,16.9
CAMPUS_498,Classroom_Block,2027-06-13,15,97,28.9,60.7,77.1,39.5,61.9,252.8,895.3,15.7
CAMPUS_499,Library,2027-06-14,22,56,26.2,85.4,62.0,26.9,30.9,165.9,571.9,11.0
CAMPUS_500,Classroom_Block,2027-06-15,14,44,30.5,63.8,44.0,37.1,38.4,124.7,601.5,10.1
